xyLIT,xyTIME,xySITE,xyOBS,xyOBSN,year_mod1,xyMIM,xyMIMN,year_mod2,xyMIMAllC,xyMIMAllN
ACSAf,0.99,AND,70.8,0.92,0.99,66.4,1.24,0.99,66.4,0.85
ACSAf,1.99,AND,53.5,0.99,1.99,52.8,1.05,1.99,52.8,0.76
ACSAf,3.01,AND,43,0.84,3.01,45.8,0.97,3.01,45.8,0.74
ACSAf,4.02,AND,35.2,0.83,4.02,41.3,0.94,4.02,41.3,0.73
ACSAf,5.02,AND,36.6,0.74,5.02,37.7,0.93,5.02,37.7,0.73
ACSAf,6.01,AND,26.2,0.6,6.01,34.6,0.91,6.01,34.6,0.72
ACSAf,7,AND,30.1,0.66,7,31.9,0.9,7,31.9,0.71
ACSAf,8.04,AND,20.3,0.55,8.04,29.2,0.87,8.04,29.2,0.69
ACSAf,9,AND,21.2,0.5,9,27.1,0.85,9,27.1,0.68
ACSAf,10,AND,20,0.48,10,24.9,0.82,10,24.9,0.65
DRGLf,0.99,AND,51.9,0.7,0.99,55.3,0.67,0.99,55.3,0.47
DRGLf,1.99,AND,43.2,0.74,1.99,39.8,0.45,1.99,39.8,0.32
DRGLf,3.01,AND,28.2,0.49,3.01,33.7,0.36,3.01,33.7,0.28
DRGLf,4.02,AND,25.6,0.44,4.02,30.6,0.33,4.02,30.6,0.26
DRGLf,5.02,AND,21.8,0.27,5.02,28.4,0.32,5.02,28.4,0.25
DRGLf,6.01,AND,13.7,0.22,6.01,26.6,0.31,6.01,26.6,0.24
DRGLf,7,AND,18.9,0.29,7,24.9,0.3,7,24.9,0.24
DRGLf,8.04,AND,12.3,0.16,8.04,23.3,0.28,8.04,23.3,0.23
DRGLf,9,AND,11.6,0.15,9,21.9,0.27,9,21.9,0.22
DRGLf,10,AND,8.25,0.13,10,20.4,0.26,10,20.4,0.21
PIREf,0.99,AND,85.1,0.93,0.99,77.8,1.51,0.99,77.8,1.07
PIREf,1.99,AND,73.5,1.22,1.99,65.5,1.52,1.99,65.5,1.12
PIREf,3.01,AND,64.7,1.08,3.01,57.1,1.54,3.01,57.1,1.17
PIREf,4.02,AND,43.2,0.93,4.02,50.7,1.57,4.02,50.7,1.21
PIREf,5.02,AND,44,0.92,5.02,45.4,1.58,5.02,45.4,1.23
PIREf,6.01,AND,57.4,1.17,6.01,40.9,1.57,6.01,40.9,1.23
PIREf,7,AND,32.2,0.84,7,37,1.55,7,37,1.22
PIREf,8.04,AND,28.3,0.83,8.04,33.4,1.52,8.04,33.4,1.19
PIREf,9,AND,27.2,0.7,9,30.5,1.47,9,30.5,1.16
PIREf,10,AND,21.9,0.76,10,27.7,1.42,10,27.7,1.12
QUPRf,0.99,AND,70.2,0.76,0.99,70.8,0.97,0.99,70.8,0.69
QUPRf,1.99,AND,44,0.65,1.99,59,0.81,1.99,59,0.6
QUPRf,3.01,AND,38,0.6,3.01,52.9,0.75,3.01,52.9,0.59
QUPRf,4.02,AND,30.2,0.57,4.02,48.9,0.75,4.02,48.9,0.59
QUPRf,5.02,AND,26,0.35,5.02,45.6,0.75,5.02,45.6,0.6
QUPRf,6.01,AND,24.3,0.42,6.01,42.6,0.75,6.01,42.6,0.6
QUPRf,7,AND,26.5,0.48,7,39.9,0.75,7,39.9,0.6
QUPRf,8.04,AND,24.4,0.5,8.04,37.1,0.74,8.04,37.1,0.59
QUPRf,9,AND,21.5,0.42,9,34.8,0.73,9,34.8,0.58
QUPRf,10,AND,20.3,0.47,10,32.5,0.72,10,32.5,0.57
THPLf,0.99,AND,76.9,0.91,0.99,82.7,1.23,0.99,82.7,0.92
THPLf,1.99,AND,68.2,1.14,1.99,72.6,1.27,1.99,72.6,0.96
THPLf,3.01,AND,60.4,0.94,3.01,65.1,1.33,3.01,65.1,1.03
THPLf,4.02,AND,54.1,1.02,4.02,59.1,1.39,4.02,59.1,1.09
THPLf,5.02,AND,44.4,0.88,5.02,53.9,1.43,5.02,53.9,1.13
THPLf,6.01,AND,39.8,0.9,6.01,49.4,1.45,6.01,49.4,1.15
THPLf,7,AND,33,0.76,7,45.3,1.46,7,45.3,1.15
THPLf,8.04,AND,27.7,0.71,8.04,41.3,1.44,8.04,41.3,1.14
THPLf,9,AND,26.7,0.69,9,38.2,1.42,9,38.2,1.13
THPLf,10,AND,26,0.78,10,35,1.39,10,35,1.1
TRAEf,0.99,AND,77.4,1.13,0.99,79.6,2.07,0.99,79.6,1.46
TRAEf,1.99,AND,71.6,1.52,1.99,66.5,2.24,1.99,66.5,1.63
TRAEf,3.01,AND,54.6,1.43,3.01,56.8,2.31,3.01,56.8,1.73
TRAEf,4.02,AND,52.1,1.65,4.02,49.4,2.34,4.02,49.4,1.79
TRAEf,5.02,AND,38.1,1.48,5.02,43.4,2.34,5.02,43.4,1.81
TRAEf,6.01,AND,30.3,1.22,6.01,38.5,2.31,6.01,38.5,1.8
TRAEf,7,AND,26.7,1.16,7,34.4,2.26,7,34.4,1.77
TRAEf,8.04,AND,20.5,1.16,8.04,30.6,2.19,8.04,30.6,1.71
TRAEf,9,AND,21,1.13,9,27.7,2.11,9,27.7,1.66
TRAEf,10,AND,20.6,1.3,10,24.9,2.01,10,24.9,1.59
ACSAf,0.97,ARC,72.4,0.8,0.97,85.3,1.25,0.97,85.3,0.96
ACSAf,2.02,ARC,65.3,0.86,2.02,74,1.29,2.02,74,0.9
ACSAf,3,ARC,60.9,0.79,3,66.3,1.24,3,66.3,0.85
ACSAf,3.99,ARC,53.4,0.75,3.99,60.5,1.17,3.99,60.5,0.81
ACSAf,4.99,ARC,46.3,0.8,4.99,56.2,1.11,4.99,56.2,0.78
ACSAf,6,ARC,41.8,0.67,6,52.8,1.05,6,52.8,0.76
ACSAf,6.99,ARC,40.6,0.71,6.99,50.2,1.02,6.99,50.2,0.75
ACSAf,7.99,ARC,34.3,0.67,7.99,48,0.99,7.99,48,0.74
ACSAf,9.01,ARC,28.3,0.56,9.01,46,0.97,9.01,46,0.74
ACSAf,10,ARC,32.3,0.72,10,44.4,0.95,10,44.4,0.74
DRGLf,0.97,ARC,68.3,0.83,0.97,80,0.9,0.97,80,0.75
DRGLf,2.02,ARC,57.8,0.76,2.02,65,0.78,2.02,65,0.58
DRGLf,3,ARC,51.8,0.76,3,55.2,0.67,3,55.2,0.47
DRGLf,3.99,ARC,49.7,0.71,3.99,48.3,0.57,3.99,48.3,0.4
DRGLf,4.99,ARC,43.1,0.73,4.99,43.4,0.5,4.99,43.4,0.36
DRGLf,6,ARC,35.6,0.62,6,39.9,0.45,6,39.9,0.33
DRGLf,6.99,ARC,34.8,0.55,6.99,37.3,0.41,6.99,37.3,0.3
DRGLf,7.99,ARC,33.3,0.6,7.99,35.4,0.39,7.99,35.4,0.29
DRGLf,9.01,ARC,30,0.51,9.01,33.9,0.37,9.01,33.9,0.28
DRGLf,10,ARC,36.5,0.62,10,32.7,0.35,10,32.7,0.27
PIREf,0.97,ARC,89.8,0.72,0.97,91,1.33,0.97,91,1.04
PIREf,2.02,ARC,81.7,0.72,2.02,83.4,1.46,2.02,83.4,1.06
PIREf,3,ARC,81.4,0.74,3,77.7,1.51,3,77.7,1.07
PIREf,3.99,ARC,74,0.64,3.99,73,1.52,3.99,73,1.09
PIREf,4.99,ARC,73.3,0.8,4.99,69,1.52,4.99,69,1.1
PIREf,6,ARC,66.8,0.87,6,65.6,1.52,6,65.6,1.12
PIREf,6.99,ARC,64.2,0.85,6.99,62.6,1.52,6.99,62.6,1.14
PIREf,7.99,ARC,60.3,0.82,7.99,59.9,1.53,7.99,59.9,1.15
PIREf,9.01,ARC,55.7,0.87,9.01,57.4,1.54,9.01,57.4,1.17
PIREf,10,ARC,59.2,0.83,10,55.2,1.55,10,55.2,1.18
QUPRf,0.97,ARC,89.6,0.8,0.97,87.2,1.07,0.97,87.2,0.86
QUPRf,2.02,ARC,78.1,0.87,2.02,77.4,1.03,2.02,77.4,0.76
QUPRf,3,ARC,67,0.75,3,70.7,0.97,3,70.7,0.69
QUPRf,3.99,ARC,63.7,0.73,3.99,65.7,0.9,3.99,65.7,0.65
QUPRf,4.99,ARC,50.7,0.75,4.99,62,0.85,4.99,62,0.62
QUPRf,6,ARC,50.8,0.72,6,59.1,0.81,6,59.1,0.6
QUPRf,6.99,ARC,36.3,0.55,6.99,56.8,0.78,6.99,56.8,0.59
QUPRf,7.99,ARC,40.1,0.62,7.99,54.8,0.76,7.99,54.8,0.59
QUPRf,9.01,ARC,41.1,0.63,9.01,53.2,0.75,9.01,53.2,0.59
QUPRf,10,ARC,36.1,0.57,10,51.7,0.75,10,51.7,0.59
THPLf,0.97,ARC,86.5,0.93,0.97,93.1,1.15,0.97,93.1,0.95
THPLf,2.02,ARC,79.3,0.97,2.02,87.2,1.21,2.02,87.2,0.92
THPLf,3,ARC,73.8,0.77,3,82.6,1.23,3,82.6,0.92
THPLf,3.99,ARC,73.7,0.89,3.99,78.8,1.24,3.99,78.8,0.93
THPLf,4.99,ARC,63.4,0.53,4.99,75.5,1.25,4.99,75.5,0.94
THPLf,6,ARC,60.7,0.91,6,72.6,1.27,6,72.6,0.96
THPLf,6.99,ARC,59.1,0.81,6.99,70,1.29,6.99,70,0.98
THPLf,7.99,ARC,53.7,0.74,7.99,67.6,1.31,7.99,67.6,1.01
THPLf,9.01,ARC,49.3,0.73,9.01,65.4,1.33,9.01,65.4,1.03
THPLf,10,ARC,45.9,0.63,10,63.3,1.35,10,63.3,1.05
TRAEf,0.97,ARC,79.9,1.12,0.97,92.1,1.6,0.97,92.1,1.22
TRAEf,2.02,ARC,76.8,1.51,2.02,85.1,1.92,2.02,85.1,1.37
TRAEf,3,ARC,67.4,1.24,3,79.5,2.07,3,79.5,1.46
TRAEf,3.99,ARC,68.1,1.55,3.99,74.6,2.15,3.99,74.6,1.53
TRAEf,4.99,ARC,64.4,1.74,4.99,70.4,2.2,4.99,70.4,1.58
TRAEf,6,ARC,65.7,1.46,6,66.5,2.24,6,66.5,1.62
TRAEf,6.99,ARC,58.7,1.47,6.99,63.2,2.26,6.99,63.2,1.66
TRAEf,7.99,ARC,56.6,1.39,7.99,60.1,2.29,7.99,60.1,1.7
TRAEf,9.01,ARC,50.2,1.39,9.01,57.2,2.31,9.01,57.2,1.73
TRAEf,10,ARC,46,1.45,10,54.6,2.32,10,54.6,1.75
ACSAf,1.02,BNZ,83.9,1.05,1.02,80.2,1.28,1.02,80.2,0.94
ACSAf,2.03,BNZ,75.4,0.92,2.03,67.8,1.25,2.03,67.8,0.86
ACSAf,3,BNZ,71.3,1.02,3,60,1.16,3,60,0.81
ACSAf,3.98,BNZ,75.3,1.15,3.98,54.6,1.08,3.98,54.6,0.77
ACSAf,5,BNZ,56,1.08,5,50.5,1.02,5,50.5,0.75
ACSAf,6,BNZ,52.9,1.04,6,47.5,0.98,6,47.5,0.74
ACSAf,7,BNZ,44.8,0.99,7,45.1,0.96,7,45.1,0.74
ACSAf,8,BNZ,50.7,1.11,8,43,0.95,8,43,0.74
ACSAf,9,BNZ,45.9,1.01,9,41.2,0.94,9,41.2,0.73
ACSAf,10,BNZ,30.9,0.85,10,39.5,0.93,10,39.5,0.73
DRGLf,1.02,BNZ,73.9,0.83,1.02,73.2,0.85,1.02,73.2,0.67
DRGLf,2.03,BNZ,63.7,0.82,2.03,57.1,0.69,2.03,57.1,0.49
DRGLf,3,BNZ,66,0.89,3,47.6,0.57,3,47.6,0.4
DRGLf,3.98,BNZ,62.6,0.94,3.98,41.7,0.48,3.98,41.7,0.34
DRGLf,5,BNZ,49.2,0.78,5,37.6,0.42,5,37.6,0.31
DRGLf,6,BNZ,47.4,0.75,6,35,0.38,6,35,0.29
DRGLf,7,BNZ,38.5,0.56,7,33.1,0.36,7,33.1,0.28
DRGLf,8,BNZ,43.6,0.7,8,31.7,0.34,8,31.7,0.27
DRGLf,9,BNZ,30.2,0.43,9,30.5,0.33,9,30.5,0.26
DRGLf,10,BNZ,32.6,0.5,10,29.5,0.32,10,29.5,0.26
PIREf,1.02,BNZ,85.8,0.9,1.02,87.7,1.4,1.02,87.7,1.05
PIREf,2.03,BNZ,86.8,0.93,2.03,78.9,1.5,2.03,78.9,1.07
PIREf,3,BNZ,83.7,0.95,3,72.5,1.52,3,72.5,1.09
PIREf,3.98,BNZ,80.4,1.27,3.98,67.4,1.52,3.98,67.4,1.11
PIREf,5,BNZ,74.7,1.28,5,63,1.52,5,63,1.13
PIREf,6,BNZ,65.9,1.25,6,59.3,1.53,6,59.3,1.16
PIREf,7,BNZ,55,1.25,7,56.1,1.54,7,56.1,1.18
PIREf,8,BNZ,49.7,1.25,8,53.2,1.56,8,53.2,1.2
PIREf,9,BNZ,48.4,1.19,9,50.5,1.57,9,50.5,1.21
PIREf,10,BNZ,47.7,1.29,10,48,1.58,10,48,1.22
QUPRf,1.02,BNZ,85.4,0.8,1.02,82.8,1.06,1.02,82.8,0.82
QUPRf,2.03,BNZ,78.2,0.73,2.03,72,0.98,2.03,72,0.71
QUPRf,3,BNZ,66.1,0.73,3,65.2,0.9,3,65.2,0.64
QUPRf,3.98,BNZ,62.3,0.87,3.98,60.6,0.83,3.98,60.6,0.61
QUPRf,5,BNZ,51.8,0.78,5,57.1,0.79,5,57.1,0.59
QUPRf,6,BNZ,47,0.71,6,54.4,0.76,6,54.4,0.59
QUPRf,7,BNZ,38.8,0.62,7,52.3,0.75,7,52.3,0.59
QUPRf,8,BNZ,47.6,0.75,8,50.4,0.75,8,50.4,0.59
QUPRf,9,BNZ,36.1,0.67,9,48.8,0.75,9,48.8,0.59
QUPRf,10,BNZ,34.2,0.67,10,47.2,0.75,10,47.2,0.6
THPLf,1.02,BNZ,89.8,1.03,1.02,90.5,1.18,1.02,90.5,0.94
THPLf,2.03,BNZ,81.6,0.92,2.03,83.6,1.23,2.03,83.6,0.92
THPLf,3,BNZ,82.7,1.16,3,78.4,1.24,3,78.4,0.93
THPLf,3.98,BNZ,78.3,1.44,3.98,74.2,1.26,3.98,74.2,0.95
THPLf,5,BNZ,68.9,1.3,5,70.4,1.28,5,70.4,0.98
THPLf,6,BNZ,65.9,1.42,6,67.1,1.31,6,67.1,1.01
THPLf,7,BNZ,63.2,1.15,7,64.2,1.34,7,64.2,1.04
THPLf,8,BNZ,56.8,1.18,8,61.4,1.37,8,61.4,1.07
THPLf,9,BNZ,48.7,1.04,9,58.9,1.39,9,58.9,1.09
THPLf,10,BNZ,45.2,1.08,10,56.5,1.41,10,56.5,1.11
TRAEf,1.02,BNZ,85.9,0.73,1.02,89.1,1.76,1.02,89.1,1.29
TRAEf,2.03,BNZ,78,1.26,2.03,80.7,2.04,2.03,80.7,1.44
TRAEf,3,BNZ,73.5,1.42,3,74.1,2.16,3,74.1,1.53
TRAEf,3.98,BNZ,67.7,2.04,3.98,68.6,2.22,3.98,68.6,1.6
TRAEf,5,BNZ,49.8,1.74,5,63.6,2.26,5,63.6,1.66
TRAEf,6,BNZ,55.1,2.25,6,59.4,2.29,6,59.4,1.7
TRAEf,7,BNZ,40.4,1.59,7,55.6,2.31,7,55.6,1.74
TRAEf,8,BNZ,39.6,2.01,8,52.3,2.33,8,52.3,1.77
TRAEf,9,BNZ,32,1.71,9,49.2,2.34,9,49.2,1.79
TRAEf,10,BNZ,27.1,1.39,10,46.3,2.35,10,46.3,1.8
ACSAf,1.02,CDR,59.9,0.92,1.02,61.8,1.19,1.02,61.8,0.82
ACSAf,2.08,CDR,51.4,1.27,2.08,48.8,1,2.08,48.8,0.75
ACSAf,3.04,CDR,49.9,1.02,3.04,42.8,0.94,3.04,42.8,0.74
ACSAf,4.01,CDR,42.7,1.64,4.01,38.4,0.93,4.01,38.4,0.73
ACSAf,5.99,CDR,35.4,1.24,5.99,31.3,0.89,5.99,31.3,0.71
ACSAf,6.99,CDR,32.4,0.96,6.99,28.4,0.87,6.99,28.4,0.69
ACSAf,8.98,CDR,30.6,1.11,8.98,23.4,0.8,8.98,23.4,0.63
DRGLf,1.02,CDR,57.9,0.8,1.02,49.8,0.6,1.02,49.8,0.42
DRGLf,2.08,CDR,44.1,0.77,2.08,36.1,0.4,2.08,36.1,0.3
DRGLf,3.04,CDR,39.1,0.67,3.04,31.5,0.34,3.04,31.5,0.27
DRGLf,4.01,CDR,53,0.93,4.01,28.8,0.32,4.01,28.8,0.25
DRGLf,5.99,CDR,28.4,0.48,5.99,24.6,0.29,5.99,24.6,0.24
DRGLf,6.99,CDR,22.1,0.43,6.99,22.7,0.28,6.99,22.7,0.22
DRGLf,8.01,CDR,6.99,0.17,8.01,21,0.27,8.01,21,0.21
DRGLf,8.98,CDR,22.2,0.4,8.98,19.4,0.26,8.98,19.4,0.2
DRGLf,10,CDR,13.3,0.29,10,17.9,0.24,10,17.9,0.19
PIREf,1.02,CDR,85.5,0.87,1.02,74.1,1.52,1.02,74.1,1.08
PIREf,2.08,CDR,77.6,1.04,2.08,61,1.53,2.08,61,1.15
PIREf,3.04,CDR,68.3,1.02,3.04,52.8,1.56,3.04,52.8,1.2
PIREf,4.01,CDR,68.4,1.48,4.01,46.4,1.58,4.01,46.4,1.23
PIREf,5.99,CDR,34.4,1.03,5.99,36.3,1.55,5.99,36.3,1.22
PIREf,6.99,CDR,49.7,1.46,6.99,32.2,1.5,6.99,32.2,1.18
PIREf,8.01,CDR,35.3,1.14,8.01,28.7,1.44,8.01,28.7,1.14
PIREf,8.98,CDR,33.1,1.39,8.98,25.8,1.38,8.98,25.8,1.09
PIREf,10,CDR,37.1,1.23,10,23,1.3,10,23,1.03
QUPRf,1.02,CDR,83.1,0.74,1.02,66.9,0.92,1.02,66.9,0.66
QUPRf,2.08,CDR,63.8,0.92,2.08,55.6,0.77,2.08,55.6,0.59
QUPRf,3.04,CDR,69.2,1.02,3.04,50.2,0.75,3.04,50.2,0.59
QUPRf,4.01,CDR,68.6,1.2,4.01,46.2,0.75,4.01,46.2,0.6
QUPRf,5.99,CDR,30.1,0.69,5.99,39.3,0.75,5.99,39.3,0.6
QUPRf,6.99,CDR,47.6,1.1,6.99,36.2,0.74,6.99,36.2,0.59
QUPRf,8.01,CDR,48.5,1.23,8.01,33.3,0.72,8.01,33.3,0.58
QUPRf,8.98,CDR,28.4,0.76,8.98,30.8,0.7,8.98,30.8,0.56
QUPRf,10,CDR,29,0.72,10,28.3,0.68,10,28.3,0.54
THPLf,1.02,CDR,84.8,0.95,1.02,79.7,1.24,1.02,79.7,0.92
THPLf,2.08,CDR,76.7,1.09,2.08,68.6,1.3,2.08,68.6,1
THPLf,3.04,CDR,75.5,1.16,3.04,61.1,1.37,3.04,61.1,1.07
THPLf,4.01,CDR,80.8,1.52,4.01,54.9,1.42,4.01,54.9,1.12
THPLf,5.99,CDR,33.9,1,5.99,44.5,1.45,5.99,44.5,1.15
THPLf,6.99,CDR,50.8,1.41,6.99,40.1,1.44,6.99,40.1,1.14
THPLf,8.01,CDR,35.6,0.92,8.01,36.1,1.4,8.01,36.1,1.11
THPLf,8.98,CDR,24.4,0.81,8.98,32.8,1.36,8.98,32.8,1.08
THPLf,10,CDR,21.4,0.69,10,29.5,1.3,10,29.5,1.03
TRAEf,1.02,CDR,68.1,1.02,1.02,75.8,2.14,1.02,75.8,1.51
TRAEf,2.08,CDR,60.2,1.66,2.08,61.3,2.28,2.08,61.3,1.68
TRAEf,3.04,CDR,53.2,1.69,3.04,51.8,2.33,3.04,51.8,1.77
TRAEf,4.01,CDR,39.4,1.81,4.01,44.5,2.34,4.01,44.5,1.81
TRAEf,5.99,CDR,37.2,2.14,5.99,33.5,2.25,5.99,33.5,1.76
TRAEf,6.99,CDR,22.5,1.88,6.99,29.4,2.16,6.99,29.4,1.69
TRAEf,8.01,CDR,10.1,0.84,8.01,25.9,2.05,8.01,25.9,1.62
TRAEf,8.98,CDR,29.9,2.15,8.98,23.1,1.94,8.98,23.1,1.53
TRAEf,10,CDR,3.77,0.38,10,20.5,1.82,10,20.5,1.44
ACSAf,1,CWT,37,0.98,1,54.4,1.08,1,54.4,0.77
ACSAf,2.02,CWT,35,0.79,2.02,42.8,0.95,2.02,42.8,0.74
ACSAf,3.02,CWT,31.9,0.77,3.02,36.3,0.92,3.02,36.3,0.73
ACSAf,4.01,CWT,24.1,0.57,4.01,31.2,0.89,4.01,31.2,0.71
ACSAf,5.03,CWT,25.9,0.68,5.03,26.9,0.85,5.03,26.9,0.67
ACSAf,6.03,CWT,11,0.33,6.03,23.2,0.79,6.03,23.2,0.63
ACSAf,7.07,CWT,14.7,0.45,7.07,20,0.73,7.07,20,0.58
ACSAf,8.04,CWT,15.8,0.51,8.04,17.5,0.67,8.04,17.5,0.54
ACSAf,9.03,CWT,7.67,0.24,9.03,15.3,0.62,9.03,15.3,0.49
DRGLf,1,CWT,33.8,0.51,1,41.5,0.48,1,41.5,0.34
DRGLf,2.02,CWT,29.7,0.44,2.02,31.6,0.34,2.02,31.6,0.27
DRGLf,3.02,CWT,22.9,0.35,3.02,27.6,0.31,3.02,27.6,0.25
DRGLf,4.01,CWT,17.6,0.23,4.01,24.5,0.29,4.01,24.5,0.23
DRGLf,5.03,CWT,9.54,0.14,5.03,21.7,0.27,5.03,21.7,0.22
DRGLf,6.03,CWT,12.7,0.2,6.03,19.3,0.25,6.03,19.3,0.2
DRGLf,7.07,CWT,5.56,0.07,7.07,17.1,0.23,7.07,17.1,0.19
DRGLf,8.04,CWT,6.02,0.09,8.04,15.2,0.22,8.04,15.2,0.17
DRGLf,9.03,CWT,5.05,0.1,9.03,13.5,0.2,9.03,13.5,0.16
PIREf,1,CWT,76.7,0.99,1,67.3,1.52,1,67.3,1.11
PIREf,2.02,CWT,60.4,1.18,2.02,52.9,1.56,2.02,52.9,1.2
PIREf,3.02,CWT,44.6,0.82,3.02,43.4,1.58,3.02,43.4,1.23
PIREf,4.01,CWT,32.3,0.76,4.01,36.1,1.55,4.01,36.1,1.22
PIREf,5.03,CWT,18.3,0.56,5.03,30.2,1.47,5.03,30.2,1.16
PIREf,6.03,CWT,25,0.78,6.03,25.6,1.37,6.03,25.6,1.09
PIREf,7.07,CWT,19.2,0.59,7.07,21.7,1.26,7.07,21.7,1
PIREf,8.04,CWT,22.4,0.73,8.04,18.7,1.15,8.04,18.7,0.92
PIREf,9.03,CWT,13.4,0.44,9.03,16.2,1.04,9.03,16.2,0.83
PIREf,10.2,CWT,16.5,0.56,10.2,13.8,0.93,10.2,13.8,0.74
QUPRf,1,CWT,56.8,0.76,1,60.5,0.83,1,60.5,0.61
QUPRf,2.02,CWT,40.5,0.64,2.02,50.3,0.75,2.02,50.3,0.59
QUPRf,3.02,CWT,40.6,0.72,3.02,44.2,0.75,3.02,44.2,0.6
QUPRf,4.01,CWT,26.7,0.53,4.01,39.2,0.75,4.01,39.2,0.6
QUPRf,5.03,CWT,15.2,0.34,5.03,34.6,0.73,5.03,34.6,0.58
QUPRf,6.03,CWT,11.5,0.24,6.03,30.6,0.7,6.03,30.6,0.56
QUPRf,7.07,CWT,5.1,0.11,7.07,27,0.66,7.07,27,0.53
QUPRf,8.04,CWT,12.3,0.31,8.04,24,0.62,8.04,24,0.5
QUPRf,9.03,CWT,10.9,0.25,9.03,21.2,0.58,9.03,21.2,0.46
QUPRf,10.2,CWT,4.86,0.17,10.2,18.5,0.53,10.2,18.5,0.43
THPLf,1,CWT,73.4,1.01,1,74.1,1.26,1,74.1,0.95
THPLf,2.02,CWT,62.7,1.13,2.02,61.2,1.37,2.02,61.2,1.07
THPLf,3.02,CWT,46.5,0.92,3.02,51.9,1.44,3.02,51.9,1.14
THPLf,4.01,CWT,40,0.94,4.01,44.3,1.45,4.01,44.3,1.15
THPLf,5.03,CWT,24.9,0.69,5.03,37.9,1.42,5.03,37.9,1.13
THPLf,6.03,CWT,22.3,0.66,6.03,32.6,1.36,6.03,32.6,1.08
THPLf,7.07,CWT,21.6,0.65,7.07,28,1.27,7.07,28,1.01
THPLf,8.04,CWT,24.7,0.72,8.04,24.3,1.18,8.04,24.3,0.94
THPLf,9.03,CWT,14.5,0.44,9.03,21.1,1.09,9.03,21.1,0.87
THPLf,10.2,CWT,20.4,0.84,10.2,18.1,0.98,10.2,18.1,0.78
TRAEf,1,CWT,61.6,1.55,1,68.4,2.22,1,68.4,1.6
TRAEf,2.02,CWT,46.3,1.6,2.02,52,2.33,2.02,52,1.77
TRAEf,3.02,CWT,37,1.6,3.02,41.2,2.33,3.02,41.2,1.81
TRAEf,4.01,CWT,22.2,1.54,4.01,33.4,2.24,4.01,33.4,1.76
TRAEf,5.03,CWT,22.3,1.4,5.03,27.4,2.1,5.03,27.4,1.65
TRAEf,6.03,CWT,17.1,1.1,6.03,22.9,1.93,6.03,22.9,1.53
TRAEf,7.07,CWT,7.79,0.54,7.07,19.3,1.75,7.07,19.3,1.39
TRAEf,8.04,CWT,7.7,0.58,8.04,16.6,1.58,8.04,16.6,1.26
TRAEf,9.03,CWT,12,0.88,9.03,14.3,1.42,9.03,14.3,1.13
TRAEf,10.2,CWT,11.6,0.75,10.2,12.2,1.25,10.2,12.2,1
ACSAf,1.02,HBR,59.4,1.06,1.02,61.3,1.18,1.02,61.3,0.82
ACSAf,2.05,HBR,41.2,1.06,2.05,48.6,0.99,2.05,48.6,0.75
ACSAf,3.03,HBR,26.7,0.79,3.03,42.4,0.94,3.03,42.4,0.74
ACSAf,3.99,HBR,32.5,0.84,3.99,38.1,0.93,3.99,38.1,0.73
ACSAf,5,HBR,25.1,0.62,5,34.2,0.91,5,34.2,0.72
ACSAf,6,HBR,23.1,0.59,6,30.8,0.89,6,30.8,0.71
DRGLf,1.02,HBR,37.2,0.62,1.02,49.3,0.59,1.02,49.3,0.41
DRGLf,2.05,HBR,30.1,0.25,2.05,35.9,0.39,2.05,35.9,0.29
DRGLf,3.03,HBR,17.8,0.32,3.03,31.3,0.34,3.03,31.3,0.27
DRGLf,3.99,HBR,20.5,0.37,3.99,28.6,0.32,3.99,28.6,0.25
DRGLf,5,HBR,12.6,0.22,5,26.3,0.3,5,26.3,0.24
DRGLf,6,HBR,12.2,0.19,6,24.3,0.29,6,24.3,0.23
PIREf,1.02,HBR,78.8,0.86,1.02,73.7,1.52,1.02,73.7,1.09
PIREf,2.05,HBR,65.9,1.12,2.05,60.7,1.53,2.05,60.7,1.15
PIREf,3.03,HBR,44.9,0.79,3.03,52.4,1.56,3.03,52.4,1.2
PIREf,3.99,HBR,26.2,0.68,3.99,46,1.58,3.99,46,1.23
PIREf,5,HBR,28.9,0.68,5,40.3,1.57,5,40.3,1.23
PIREf,6,HBR,13,0.38,6,35.6,1.54,6,35.6,1.21
QUPRf,1.02,HBR,65.1,0.86,1.02,66.4,0.91,1.02,66.4,0.65
QUPRf,2.05,HBR,45.2,0.82,2.05,55.4,0.77,2.05,55.4,0.59
QUPRf,3.03,HBR,18.9,0.53,3.03,49.9,0.75,3.03,49.9,0.59
QUPRf,3.99,HBR,15.5,0.36,3.99,45.9,0.75,3.99,45.9,0.6
QUPRf,5,HBR,15.4,0.35,5,42.2,0.75,5,42.2,0.6
QUPRf,6,HBR,19.2,0.4,6,38.8,0.75,6,38.8,0.6
THPLf,1.02,HBR,68.3,0.94,1.02,79.4,1.24,1.02,79.4,0.92
THPLf,2.05,HBR,60.8,1.13,2.05,68.3,1.3,2.05,68.3,1
THPLf,3.03,HBR,42.5,0.88,3.03,60.7,1.37,3.03,60.7,1.07
THPLf,3.99,HBR,29.9,0.86,3.99,54.5,1.43,3.99,54.5,1.12
THPLf,5,HBR,22.9,0.58,5,48.7,1.45,5,48.7,1.15
THPLf,6,HBR,23.5,0.62,6,43.7,1.45,6,43.7,1.15
TRAEf,1.02,HBR,61.6,1.59,1.02,75.4,2.14,1.02,75.4,1.52
TRAEf,2.05,HBR,44.9,1.57,2.05,61,2.28,2.05,61,1.69
TRAEf,3.03,HBR,36,1.45,3.03,51.3,2.34,3.03,51.3,1.78
TRAEf,3.99,HBR,19.1,1.04,3.99,44,2.34,3.99,44,1.81
TRAEf,5,HBR,18.9,0.96,5,37.8,2.31,5,37.8,1.79
TRAEf,6,HBR,8.78,0.59,6,32.8,2.23,6,32.8,1.75
ACSAf,1.01,HFR,47.4,0.93,1.01,62.7,1.2,1.01,62.7,0.83
ACSAf,1.98,HFR,25.7,0.64,1.98,50.3,1.02,1.98,50.3,0.75
ACSAf,2.97,HFR,26.7,0.64,2.97,43.8,0.95,2.97,43.8,0.74
ACSAf,3.98,HFR,24.9,0.66,3.98,39.1,0.93,3.98,39.1,0.73
ACSAf,4.97,HFR,16.2,0.48,4.97,35.4,0.92,4.97,35.4,0.73
ACSAf,6.02,HFR,15.8,0.45,6.02,31.9,0.9,6.02,31.9,0.71
ACSAf,7,HFR,22.5,0.62,7,29.1,0.87,7,29.1,0.69
ACSAf,8.98,HFR,23.6,0.72,8.98,24.2,0.81,8.98,24.2,0.64
ACSAf,10,HFR,18.4,0.57,10,21.9,0.77,10,21.9,0.61
DRGLf,1.01,HFR,43.4,0.76,1.01,50.8,0.61,1.01,50.8,0.43
DRGLf,1.98,HFR,24.5,0.44,1.98,37.4,0.42,1.98,37.4,0.31
DRGLf,2.97,HFR,19.2,0.34,2.97,32.2,0.35,2.97,32.2,0.27
DRGLf,3.98,HFR,20,0.3,3.98,29.3,0.32,3.98,29.3,0.26
DRGLf,4.97,HFR,11.4,0.19,4.97,27.1,0.31,4.97,27.1,0.25
DRGLf,6.02,HFR,11.8,0.19,6.02,25,0.3,6.02,25,0.24
DRGLf,7.01,HFR,14.5,0.21,7.01,23.2,0.28,7.01,23.2,0.23
DRGLf,8.98,HFR,11.5,0.18,8.98,20,0.26,8.98,20,0.21
DRGLf,10,HFR,11.1,0.16,10,18.4,0.25,10,18.4,0.2
PIREf,1.01,HFR,78.8,0.92,1.01,74.8,1.52,1.01,74.8,1.08
PIREf,1.98,HFR,64.5,1.08,1.98,62.7,1.52,1.98,62.7,1.13
PIREf,2.97,HFR,47.3,0.92,2.97,54.3,1.55,2.97,54.3,1.19
PIREf,3.98,HFR,32.7,0.75,3.98,47.5,1.58,3.98,47.5,1.22
PIREf,4.97,HFR,27.9,0.83,4.97,42.1,1.58,4.97,42.1,1.23
PIREf,6.02,HFR,28.7,0.86,6.02,37.1,1.55,6.02,37.1,1.22
PIREf,7,HFR,29.5,0.94,7,33.2,1.51,7,33.2,1.19
PIREf,8.98,HFR,24,0.84,8.98,26.8,1.4,8.98,26.8,1.11
PIREf,10,HFR,35.9,1.23,10,24,1.33,10,24,1.05
QUPRf,1.01,HFR,58.7,0.89,1.01,67.6,0.93,1.01,67.6,0.66
QUPRf,1.98,HFR,34.7,0.65,1.98,56.8,0.78,1.98,56.8,0.59
QUPRf,2.98,HFR,18.3,0.38,2.98,51.1,0.75,2.98,51.1,0.59
QUPRf,3.98,HFR,18.3,0.39,3.98,46.9,0.75,3.98,46.9,0.6
QUPRf,4.97,HFR,13.6,0.34,4.97,43.4,0.75,4.97,43.4,0.6
QUPRf,6.02,HFR,10.6,0.27,6.02,39.9,0.75,6.02,39.9,0.6
QUPRf,7,HFR,14.9,0.34,7,37,0.74,7,37,0.59
QUPRf,8.98,HFR,15,0.38,8.98,31.7,0.71,8.98,31.7,0.57
QUPRf,10,HFR,22.2,0.56,10,29.1,0.69,10,29.1,0.55
THPLf,1.01,HFR,76.4,1.12,1.01,80.3,1.24,1.01,80.3,0.92
THPLf,1.98,HFR,52.2,0.96,1.98,70.1,1.29,1.98,70.1,0.98
THPLf,2.97,HFR,48,0.98,2.97,62.5,1.36,2.97,62.5,1.06
THPLf,3.98,HFR,38.8,0.82,3.98,56.1,1.42,3.98,56.1,1.11
THPLf,4.97,HFR,26.8,0.71,4.97,50.5,1.45,4.97,50.5,1.14
THPLf,6.02,HFR,24.8,0.71,6.02,45.4,1.46,6.02,45.4,1.15
THPLf,7,HFR,27.7,0.82,7,41.1,1.44,7,41.1,1.14
THPLf,8.98,HFR,28.9,0.91,8.98,33.9,1.38,8.98,33.9,1.09
THPLf,10,HFR,18.6,0.6,10,30.6,1.32,10,30.6,1.05
TRAEf,1.01,HFR,65.2,1.56,1.01,76.5,2.13,1.01,76.5,1.5
TRAEf,1.98,HFR,53.9,2.11,1.98,63.3,2.26,1.98,63.3,1.66
TRAEf,2.97,HFR,27.9,1.24,2.97,53.6,2.33,2.97,53.6,1.76
TRAEf,3.98,HFR,27.4,1.3,3.98,45.8,2.35,3.98,45.8,1.8
TRAEf,4.97,HFR,23.3,1.44,4.97,39.7,2.32,4.97,39.7,1.8
TRAEf,6.02,HFR,15.6,1,6.02,34.4,2.26,6.02,34.4,1.77
TRAEf,7,HFR,15.4,1.04,7,30.4,2.18,7,30.4,1.71
TRAEf,8.98,HFR,17.9,1.21,8.98,24.1,1.98,8.98,24.1,1.56
TRAEf,10,HFR,18.3,1.36,10,21.4,1.86,10,21.4,1.47
ACSAf,1.01,JRN,62.2,0.87,1.01,78.8,1.29,1.01,78.8,0.93
ACSAf,2,JRN,58.2,0.89,2,66.4,1.24,2,66.4,0.85
ACSAf,3,JRN,47.7,0.69,3,58.3,1.14,3,58.3,0.8
ACSAf,4.02,JRN,35.5,0.37,4.02,52.8,1.05,4.02,52.8,0.76
ACSAf,5.09,JRN,10.9,0.2,5.09,48.7,1,5.09,48.7,0.75
ACSAf,6.02,JRN,3.84,0.16,6.02,46.1,0.97,6.02,46.1,0.74
DRGLf,1.01,JRN,74.3,0.87,1.01,71.4,0.84,1.01,71.4,0.65
DRGLf,2,JRN,54.9,0.91,2,55.3,0.67,2,55.3,0.47
DRGLf,3,JRN,48.9,0.68,2.99,45.8,0.54,2.99,45.8,0.38
DRGLf,4.02,JRN,45,0.52,4.02,39.8,0.45,4.02,39.8,0.32
DRGLf,5.1,JRN,23.1,0.36,5.1,36,0.4,5.1,36,0.29
DRGLf,6.03,JRN,21.5,0.53,6.02,33.9,0.37,6.02,33.9,0.28
DRGLf,7.01,JRN,5.93,0.15,7.01,32.2,0.35,7.01,32.2,0.27
PIREf,1.02,JRN,87.3,0.81,1.02,86.7,1.42,1.02,86.7,1.06
PIREf,2,JRN,75.6,0.96,2,77.7,1.51,2,77.7,1.07
PIREf,3,JRN,58.4,0.74,2.99,71,1.52,2.99,71,1.09
PIREf,5.1,JRN,32.6,0.55,5.1,60.8,1.53,5.1,60.8,1.15
PIREf,6.03,JRN,30.7,0.6,6.02,57.4,1.54,6.02,57.4,1.17
PIREf,7.02,JRN,8.33,0.16,7.02,54.1,1.55,7.02,54.1,1.19
QUPRf,1.02,JRN,86.7,0.8,1.02,81.5,1.06,1.02,81.5,0.8
QUPRf,2,JRN,78.6,0.85,2,70.8,0.97,2,70.8,0.69
QUPRf,3,JRN,72.3,0.66,2.99,63.8,0.88,2.99,63.8,0.63
QUPRf,5.1,JRN,38.8,0.35,5.1,55.4,0.77,5.1,55.4,0.59
QUPRf,6.03,JRN,25.3,0.45,6.03,53.1,0.75,6.03,53.1,0.59
THPLf,1.02,JRN,81.6,0.75,1.02,89.7,1.19,1.02,89.7,0.93
THPLf,2,JRN,70.3,0.81,2,82.7,1.23,2,82.7,0.92
THPLf,3,JRN,64.6,0.67,2.99,77.2,1.25,2.99,77.2,0.93
THPLf,4.02,JRN,57.2,0.88,4.02,72.6,1.27,4.02,72.6,0.96
THPLf,5.1,JRN,57.1,0.65,5.1,68.4,1.3,5.1,68.4,1
THPLf,6.02,JRN,27.7,0.48,6.02,65.4,1.33,6.02,65.4,1.03
TRAEf,1.01,JRN,86.2,0.89,1.01,88.2,1.79,1.01,88.2,1.31
TRAEf,2,JRN,84.5,0.92,2,79.5,2.07,2,79.5,1.46
TRAEf,3,JRN,63.6,0.78,2.99,72.5,2.18,2.99,72.5,1.55
TRAEf,4.02,JRN,73.4,0.76,4.02,66.5,2.24,4.02,66.5,1.63
TRAEf,5.1,JRN,51.2,0.03,5.1,61.1,2.28,5.1,61.1,1.69
TRAEf,6.03,JRN,7.73,0.62,6.02,57.2,2.31,6.02,57.2,1.73
TRAEf,7.02,JRN,5.13,0.24,7.02,53.4,2.33,7.02,53.4,1.76
ACSAf,0.88,KBS,57.6,1.21,0.88,64.8,1.22,0.88,64.8,0.84
ACSAf,1.88,KBS,39.7,0.49,1.88,49.5,1.01,1.88,49.5,0.75
ACSAf,2.92,KBS,33,0.58,2.92,42,0.94,2.92,42,0.74
ACSAf,3.93,KBS,20.1,0.47,3.93,37.1,0.92,3.93,37.1,0.73
ACSAf,4.98,KBS,30.5,0.36,4.98,32.8,0.9,4.98,32.8,0.72
ACSAf,5.95,KBS,28.4,1.18,5.95,29.5,0.88,5.95,29.5,0.7
ACSAf,6.92,KBS,8.34,0.26,6.92,26.6,0.84,6.92,26.6,0.67
ACSAf,7.91,KBS,14.6,0.75,7.91,24,0.81,7.91,24,0.64
DRGLf,0.88,KBS,45.2,1.05,0.88,53.4,0.64,0.88,53.4,0.45
DRGLf,1.88,KBS,48.5,1.35,1.88,36.7,0.41,1.88,36.7,0.3
DRGLf,2.92,KBS,23.5,0.54,2.92,31.1,0.34,2.92,31.1,0.26
DRGLf,3.93,KBS,4.35,0.05,3.93,28.1,0.32,3.93,28.1,0.25
DRGLf,5.95,KBS,14.2,0.28,5.95,23.5,0.29,5.95,23.5,0.23
DRGLf,6.92,KBS,10.2,0.33,6.92,21.6,0.27,6.92,21.6,0.22
DRGLf,7.91,KBS,0.77,0.01,7.91,19.8,0.26,7.91,19.8,0.21
PIREf,0.88,KBS,75.4,1.06,0.88,76.5,1.51,0.88,76.5,1.08
PIREf,1.88,KBS,66.6,1.42,1.88,61.8,1.53,1.88,61.8,1.14
PIREf,2.92,KBS,65.5,1.16,2.92,51.7,1.56,2.92,51.7,1.21
PIREf,3.93,KBS,57.7,1.23,3.93,44.6,1.58,3.93,44.6,1.23
PIREf,4.98,KBS,76.5,1.54,4.98,38.3,1.56,4.98,38.3,1.23
PIREf,5.95,KBS,60.9,1.63,5.95,33.8,1.52,5.95,33.8,1.2
PIREf,6.92,KBS,45.2,1.05,6.92,29.9,1.46,6.92,29.9,1.16
PIREf,7.91,KBS,48.1,1.28,7.91,26.5,1.39,7.91,26.5,1.1
QUPRf,0.88,KBS,69.9,0.89,0.88,69.4,0.95,0.88,69.4,0.68
QUPRf,1.88,KBS,28.6,2.77,1.88,56.1,0.78,1.88,56.1,0.59
QUPRf,2.92,KBS,55.3,0.9,2.92,49.6,0.75,2.92,49.6,0.59
QUPRf,3.93,KBS,35,0.64,3.93,45,0.75,3.93,45,0.6
QUPRf,4.98,KBS,64.3,0.6,4.98,40.8,0.75,4.98,40.8,0.6
QUPRf,5.95,KBS,34.9,0.66,5.95,37.4,0.74,5.95,37.4,0.59
QUPRf,6.92,KBS,18.7,0.38,6.92,34.4,0.73,6.92,34.4,0.58
QUPRf,7.91,KBS,17.6,0.42,7.91,31.5,0.71,7.91,31.5,0.57
THPLf,0.88,KBS,75.6,1.18,0.88,81.7,1.23,0.88,81.7,0.92
THPLf,1.88,KBS,64.1,1.74,1.88,69.3,1.29,1.88,69.3,0.99
THPLf,2.92,KBS,65.1,1.39,2.92,60.1,1.38,2.92,60.1,1.08
THPLf,3.93,KBS,48.9,0.97,3.93,53.1,1.44,3.93,53.1,1.13
THPLf,4.98,KBS,58,0.9,4.98,46.7,1.46,4.98,46.7,1.15
THPLf,5.95,KBS,22,0.59,5.95,41.8,1.45,5.95,41.8,1.14
THPLf,6.92,KBS,30.2,0.74,6.92,37.5,1.42,6.92,37.5,1.12
THPLf,7.91,KBS,32.4,1.11,7.91,33.6,1.37,7.91,33.6,1.09
TRAEf,0.88,KBS,61,1.04,0.88,78.3,2.09,0.88,78.3,1.48
TRAEf,1.88,KBS,45.1,0.8,1.88,62.2,2.27,1.88,62.2,1.67
TRAEf,2.92,KBS,28.7,0.53,2.92,50.6,2.34,2.92,50.6,1.78
TRAEf,3.93,KBS,4.81,0.29,3.93,42.5,2.34,3.93,42.5,1.81
TRAEf,4.98,KBS,25,0.24,4.98,35.7,2.28,4.98,35.7,1.78
TRAEf,5.95,KBS,10,1.32,5.95,31,2.2,5.95,31,1.72
TRAEf,6.92,KBS,10.6,1.06,6.92,27.1,2.09,6.92,27.1,1.65
TRAEf,7.91,KBS,2.78,0.42,7.91,23.8,1.97,7.91,23.8,1.56
ACSAf,1.04,KNZ,80.5,0.93,1.04,58.4,1.14,1.04,58.4,0.8
ACSAf,2.04,KNZ,64.3,1.01,2.04,46.5,0.97,2.04,46.5,0.74
ACSAf,3.07,KNZ,53.9,1,3.07,40.2,0.93,3.07,40.2,0.73
ACSAf,4.06,KNZ,46.9,1.07,4.06,35.5,0.92,4.06,35.5,0.73
ACSAf,5.08,KNZ,43.6,1.37,5.08,31.5,0.89,5.08,31.5,0.71
ACSAf,6.15,KNZ,32.8,0.89,6.15,27.9,0.86,6.15,27.9,0.68
ACSAf,7.1,KNZ,33.3,0.91,7.1,25,0.82,7.1,25,0.65
ACSAf,8.11,KNZ,35,1,8.1,22.3,0.78,8.1,22.3,0.62
ACSAf,9.13,KNZ,31.6,1.05,9.13,20,0.73,9.13,20,0.58
DRGLf,1.03,KNZ,79.5,0.83,1.03,46,0.54,1.03,46,0.38
DRGLf,2.06,KNZ,67.7,0.69,2.06,34.1,0.37,2.06,34.1,0.28
DRGLf,3.06,KNZ,16.9,0.24,3.06,29.9,0.33,3.06,29.9,0.26
DRGLf,5.07,KNZ,3.18,0.05,5.07,24.7,0.29,5.07,24.7,0.24
DRGLf,6.15,KNZ,15.1,0.3,6.15,22.4,0.28,6.15,22.4,0.22
DRGLf,7.09,KNZ,4.22,0.08,7.09,20.5,0.26,7.09,20.5,0.21
DRGLf,8.11,KNZ,4.07,0.11,8.1,18.7,0.25,8.1,18.7,0.2
PIREf,1.04,KNZ,90.4,0.79,1.04,71.1,1.52,1.04,71.1,1.09
PIREf,2.04,KNZ,82.4,0.78,2.04,58.1,1.54,2.04,58.1,1.17
PIREf,3.07,KNZ,67.6,0.79,3.07,49,1.57,3.07,49,1.22
PIREf,4.06,KNZ,55.9,0.94,4.06,42.2,1.58,4.06,42.2,1.23
PIREf,5.07,KNZ,51.2,1,5.07,36.5,1.55,5.07,36.5,1.22
PIREf,6.14,KNZ,48.4,0.94,6.14,31.6,1.49,6.14,31.6,1.18
PIREf,7.11,KNZ,44,1.2,7.11,27.8,1.42,7.11,27.8,1.13
PIREf,8.12,KNZ,18.2,0.52,8.12,24.5,1.34,8.12,24.5,1.06
PIREf,9.13,KNZ,34.9,0.9,9.13,21.6,1.26,9.13,21.6,1
QUPRf,1.04,KNZ,90.4,0.64,1.04,63.9,0.88,1.04,63.9,0.63
QUPRf,2.04,KNZ,82.5,0.61,2.04,53.6,0.76,2.04,53.6,0.59
QUPRf,3.07,KNZ,70.5,0.73,3.07,47.9,0.75,3.07,47.9,0.59
QUPRf,4.06,KNZ,61.1,0.89,4.06,43.5,0.75,4.06,43.5,0.6
QUPRf,5.08,KNZ,64.4,0.86,5.08,39.5,0.75,5.08,39.5,0.6
QUPRf,6.15,KNZ,65.7,1.07,6.15,35.7,0.74,6.15,35.7,0.59
QUPRf,7.1,KNZ,28.5,0.65,7.1,32.6,0.72,7.1,32.6,0.57
QUPRf,8.11,KNZ,54.4,1.19,8.1,29.6,0.69,8.1,29.6,0.55
QUPRf,9.13,KNZ,46.7,1.04,9.13,26.9,0.66,9.13,26.9,0.53
THPLf,1.04,KNZ,90.2,0.91,1.04,77.3,1.25,1.04,77.3,0.93
THPLf,2.04,KNZ,86.6,0.81,2.04,66,1.32,2.04,66,1.02
THPLf,3.07,KNZ,74.7,0.96,3.07,57.5,1.4,3.07,57.5,1.1
THPLf,4.07,KNZ,72,1.08,4.07,50.6,1.45,4.07,50.6,1.14
THPLf,5.08,KNZ,62.7,1.17,5.08,44.7,1.46,5.08,44.7,1.15
THPLf,6.15,KNZ,62.2,1.18,6.15,39.4,1.43,6.15,39.4,1.13
THPLf,7.1,KNZ,55.8,1.21,7.1,35.1,1.39,7.1,35.1,1.1
THPLf,8.11,KNZ,55.9,1.32,8.1,31.3,1.33,8.1,31.3,1.06
THPLf,9.13,KNZ,47.1,1.25,9.13,27.9,1.27,9.13,27.9,1.01
TRAEf,1.04,KNZ,81.3,0.8,1.04,72.6,2.18,1.04,72.6,1.55
TRAEf,2.04,KNZ,66.6,1.26,2.04,57.9,2.3,2.04,57.9,1.72
TRAEf,3.07,KNZ,50.6,1.43,3.07,47.5,2.35,3.07,47.5,1.8
TRAEf,4.06,KNZ,43.2,1.42,4.06,39.9,2.32,4.06,39.9,1.8
TRAEf,5.08,KNZ,35.1,1.18,5.08,33.8,2.25,5.08,33.8,1.76
TRAEf,6.15,KNZ,28.6,1.56,6.15,28.8,2.14,6.15,28.8,1.68
TRAEf,7.09,KNZ,23.6,1.74,7.09,25.1,2.02,7.09,25.1,1.59
TRAEf,8.11,KNZ,18.7,1.49,8.1,21.9,1.89,8.1,21.9,1.49
TRAEf,9.13,KNZ,19,1.22,9.13,19.2,1.75,9.13,19.2,1.38
ACSAf,0.32,LUQ,48,0.86,0.32,62,1.19,0.32,62,0.82
ACSAf,0.66,LUQ,45.7,0.89,0.66,48.9,1,0.66,48.9,0.75
ACSAf,0.76,LUQ,37.2,0.71,0.76,46.5,0.97,0.76,46.5,0.74
ACSAf,1,LUQ,24.7,0.61,1,42,0.94,1,42,0.73
ACSAf,1.24,LUQ,30.5,0.72,1.24,38.5,0.93,1.24,38.5,0.73
ACSAf,1.49,LUQ,34.4,0.78,1.49,35.6,0.92,1.49,35.6,0.73
ACSAf,2.03,LUQ,5.09,0.14,2.02,29.8,0.88,2.02,29.8,0.7
DRGLf,0.32,LUQ,25.6,0.41,0.32,50.1,0.6,0.32,50.1,0.42
DRGLf,0.66,LUQ,19.7,0.31,0.66,36.2,0.4,0.66,36.2,0.3
DRGLf,0.76,LUQ,19.1,0.29,0.76,34.2,0.37,0.76,34.2,0.28
DRGLf,1,LUQ,8.38,0.12,1,31,0.34,1,31,0.26
DRGLf,2.03,LUQ,2.18,0.03,2.02,23.6,0.29,2.02,23.6,0.23
PIREf,0.32,LUQ,80.4,0.92,0.32,74.1,1.52,0.32,74.1,1.08
PIREf,0.66,LUQ,70.8,0.99,0.66,61,1.53,0.66,61,1.15
PIREf,0.76,LUQ,67.6,0.89,0.76,58,1.54,0.76,58,1.17
PIREf,1,LUQ,52.4,0.8,1,51.6,1.56,1,51.6,1.21
PIREf,1.24,LUQ,37.5,0.74,1.24,46.6,1.58,1.24,46.6,1.23
PIREf,1.49,LUQ,35.1,0.66,1.49,42.3,1.58,1.49,42.3,1.23
PIREf,1.75,LUQ,32.4,0.68,1.75,38.2,1.56,1.75,38.2,1.23
PIREf,2.03,LUQ,24,0.55,2.02,34.1,1.53,2.02,34.1,1.2
PIREf,2.26,LUQ,25,0.49,2.26,31.3,1.49,2.26,31.3,1.17
PIREf,2.58,LUQ,18,0.58,2.58,28,1.43,2.58,28,1.13
QUPRf,0.32,LUQ,51.9,0.68,0.32,66.9,0.92,0.32,66.9,0.66
QUPRf,0.66,LUQ,45.5,0.66,0.66,55.6,0.77,0.66,55.6,0.59
QUPRf,0.76,LUQ,37.8,0.58,0.76,53.6,0.76,0.76,53.6,0.59
QUPRf,1,LUQ,33.2,0.59,1,49.5,0.75,1,49.5,0.59
QUPRf,1.24,LUQ,19.7,0.36,1.24,46.3,0.75,1.24,46.3,0.6
QUPRf,1.49,LUQ,22,0.37,1.49,43.5,0.75,1.49,43.5,0.6
QUPRf,2.03,LUQ,10.2,0.18,2.02,37.7,0.74,2.02,37.7,0.59
THPLf,0.32,LUQ,67.3,1.09,0.32,79.8,1.24,0.32,79.8,0.92
THPLf,0.66,LUQ,60,1,0.66,68.6,1.3,0.66,68.6,1
THPLf,0.76,LUQ,55.7,1.13,0.76,66,1.32,0.76,66,1.02
THPLf,1,LUQ,35.2,0.83,1,60,1.38,1,60,1.08
THPLf,1.24,LUQ,29.3,0.78,1.24,55,1.42,1.24,55,1.12
THPLf,1.49,LUQ,27.8,0.7,1.49,50.8,1.45,1.49,50.8,1.14
THPLf,1.75,LUQ,9.69,0.28,1.75,46.5,1.46,1.75,46.5,1.15
THPLf,2.03,LUQ,9.23,0.25,2.02,42.2,1.45,2.02,42.2,1.15
THPLf,2.26,LUQ,6.53,0.16,2.26,39.1,1.43,2.26,39.1,1.13
TRAEf,0.32,LUQ,47.3,1.45,0.32,75.8,2.14,0.32,75.8,1.51
TRAEf,0.66,LUQ,34.7,1.26,0.66,61.4,2.28,0.66,61.4,1.68
TRAEf,0.76,LUQ,20.3,1.13,0.76,57.9,2.3,0.76,57.9,1.72
TRAEf,1,LUQ,22.3,1.44,1,50.6,2.34,1,50.6,1.78
TRAEf,1.24,LUQ,10.5,0.66,1.24,44.7,2.34,1.24,44.7,1.8
TRAEf,1.49,LUQ,9.91,0.65,1.49,40,2.33,1.49,40,1.8
TRAEf,1.75,LUQ,5.5,0.33,1.75,35.5,2.28,1.75,35.5,1.78
TRAEf,2.03,LUQ,2.79,0.18,2.02,31.3,2.2,2.02,31.3,1.73
ACSAf,0.9,NWT,77.4,0.61,0.9,83.8,1.26,0.9,83.8,0.95
ACSAf,1.87,NWT,62.6,0.68,1.87,71.2,1.28,1.87,71.2,0.89
ACSAf,2.9,NWT,55.1,0.84,2.9,61.8,1.19,2.9,61.8,0.82
ACSAf,3.88,NWT,60.9,0.86,3.88,56.1,1.11,3.88,56.1,0.78
ACSAf,4.94,NWT,51.1,0.84,4.94,51.4,1.03,4.94,51.4,0.76
ACSAf,5.91,NWT,53.5,1.03,5.91,48.4,0.99,5.91,48.4,0.75
ACSAf,6.9,NWT,43.3,1.08,6.9,45.9,0.97,6.9,45.9,0.74
ACSAf,7.87,NWT,44.2,1.14,7.87,44,0.95,7.87,44,0.74
ACSAf,7.87,NWT,38.2,1.06,7.87,44,0.95,7.87,44,0.74
DRGLf,0.9,NWT,77.3,0.73,0.9,78,0.89,0.9,78,0.73
DRGLf,1.87,NWT,58,0.7,1.87,61.5,0.74,1.87,61.5,0.54
DRGLf,2.9,NWT,54.7,0.77,2.9,49.8,0.6,2.9,49.8,0.42
DRGLf,3.88,NWT,53,0.81,3.88,43.3,0.5,3.88,43.3,0.36
DRGLf,4.94,NWT,49.9,0.81,4.94,38.5,0.43,4.94,38.5,0.31
DRGLf,5.91,NWT,43.8,0.91,5.91,35.8,0.39,5.91,35.8,0.29
DRGLf,6.9,NWT,41.2,0.76,6.9,33.8,0.37,6.9,33.8,0.28
DRGLf,7.87,NWT,37.1,0.82,7.87,32.4,0.35,7.87,32.4,0.27
DRGLf,7.87,NWT,37.6,0.75,7.87,32.4,0.35,7.87,32.4,0.27
PIREf,0.9,NWT,93.5,0.86,0.9,90,1.35,0.9,90,1.05
PIREf,1.87,NWT,90.1,0.85,1.87,81.4,1.48,1.87,81.4,1.07
PIREf,2.9,NWT,84,0.75,2.9,74.1,1.52,2.9,74.1,1.08
PIREf,3.88,NWT,81.5,0.89,3.88,68.9,1.52,3.88,68.9,1.1
PIREf,4.94,NWT,80.8,0.98,4.94,64,1.52,4.94,64,1.13
PIREf,5.91,NWT,69.4,1.05,5.91,60.5,1.53,5.91,60.5,1.15
PIREf,6.9,NWT,76.5,1.14,6.9,57.3,1.54,6.9,57.3,1.17
PIREf,7.87,NWT,60.9,0.93,7.87,54.5,1.55,7.87,54.5,1.19
PIREf,7.87,NWT,58.1,1.16,7.87,54.5,1.55,7.87,54.5,1.19
QUPRf,0.9,NWT,78.4,0.56,0.9,85.9,1.07,0.9,85.9,0.85
QUPRf,1.87,NWT,70.9,0.59,1.87,75,1.01,1.87,75,0.74
QUPRf,2.9,NWT,66,0.65,2.9,66.8,0.92,2.9,66.8,0.66
QUPRf,3.88,NWT,68.9,0.69,3.88,61.9,0.85,3.88,61.9,0.62
QUPRf,4.94,NWT,60.1,0.76,4.94,57.8,0.79,4.94,57.8,0.6
QUPRf,5.91,NWT,55,0.8,5.91,55.3,0.77,5.91,55.3,0.59
QUPRf,6.9,NWT,51.9,0.77,6.9,53.1,0.75,6.9,53.1,0.59
QUPRf,7.87,NWT,41.6,0.83,7.87,51.3,0.75,7.87,51.3,0.59
QUPRf,7.87,NWT,50.8,0.79,7.87,51.3,0.75,7.87,51.3,0.59
THPLf,0.9,NWT,90.4,0.76,0.9,92.3,1.16,0.9,92.3,0.95
THPLf,1.87,NWT,84.1,0.79,1.87,85.6,1.22,1.87,85.6,0.92
THPLf,2.9,NWT,79,0.94,2.9,79.7,1.24,2.9,79.7,0.92
THPLf,3.88,NWT,82.6,0.95,3.88,75.5,1.25,3.88,75.5,0.94
THPLf,4.94,NWT,72.3,3.13,4.94,71.2,1.28,4.94,71.2,0.97
THPLf,5.91,NWT,65,1.04,5.91,68.2,1.3,5.91,68.2,1
THPLf,6.9,NWT,62.2,1.01,6.9,65.3,1.33,6.9,65.3,1.03
THPLf,7.87,NWT,65.3,0.72,7.87,62.7,1.35,7.87,62.7,1.05
THPLf,7.87,NWT,66.9,1.27,7.87,62.7,1.35,7.87,62.7,1.05
TRAEf,0.9,NWT,87.9,1.09,0.9,91.2,1.65,0.9,91.2,1.24
TRAEf,1.87,NWT,74.7,1.13,1.87,83.2,1.98,1.87,83.2,1.4
TRAEf,2.9,NWT,70.2,1.29,2.9,75.8,2.14,2.9,75.8,1.51
TRAEf,3.88,NWT,65.7,1.3,3.88,70.3,2.2,3.88,70.3,1.58
TRAEf,4.94,NWT,57.9,1.65,4.94,64.8,2.25,4.94,64.8,1.65
TRAEf,5.91,NWT,44.2,1.58,5.91,60.8,2.28,5.91,60.8,1.69
TRAEf,6.9,NWT,39.8,1.43,6.9,57,2.31,6.9,57,1.73
TRAEf,7.87,NWT,48.7,1.71,7.87,53.8,2.32,7.87,53.8,1.76
TRAEf,7.87,NWT,41.1,1.6,7.87,53.8,2.32,7.87,53.8,1.76
ACSAf,1.01,SEV,75.9,1.16,1.01,82,1.27,1.01,82,0.95
ACSAf,2.01,SEV,53.7,1.11,2.01,70.2,1.27,2.01,70.2,0.88
ACSAf,3.04,SEV,56.5,0.94,3.04,61.9,1.19,3.04,61.9,0.82
ACSAf,4.02,SEV,35.7,0.55,4.02,56.5,1.11,4.02,56.5,0.79
DRGLf,1.01,SEV,72.8,1.01,1.01,75.5,0.87,1.01,75.5,0.7
DRGLf,2.01,SEV,65.6,0.96,2.01,60.2,0.72,2.01,60.2,0.53
DRGLf,3.04,SEV,74.5,0.97,3.04,49.9,0.6,3.04,49.9,0.42
DRGLf,4.02,SEV,58.8,0.9,4.02,43.7,0.51,4.02,43.7,0.36
PIREf,1.01,SEV,85.8,0.83,1.01,88.8,1.38,1.01,88.8,1.05
PIREf,2.01,SEV,79.3,0.81,2.01,80.7,1.49,2.01,80.7,1.07
PIREf,3.04,SEV,71.6,0.84,3.04,74.1,1.52,3.04,74.1,1.08
PIREf,4.02,SEV,52.4,0.74,4.02,69.3,1.52,4.02,69.3,1.1
QUPRf,1.01,SEV,87.7,0.8,1.01,84.3,1.07,1.01,84.3,0.83
QUPRf,2.01,SEV,69.3,0.78,2.01,74.1,1,2.01,74.1,0.73
QUPRf,3.04,SEV,57.1,1.12,3.04,66.9,0.92,3.04,66.9,0.66
QUPRf,4.02,SEV,64.6,0.73,4.02,62.2,0.85,4.02,62.2,0.62
THPLf,1.01,SEV,90,0.88,1.01,91.4,1.17,1.01,91.4,0.94
THPLf,2.01,SEV,76.3,0.81,2.01,85,1.22,2.01,85,0.92
THPLf,3.04,SEV,71.5,0.58,3.04,79.8,1.24,3.04,79.8,0.92
THPLf,4.02,SEV,66.2,0.62,4.02,75.8,1.25,4.02,75.8,0.94
TRAEf,1.01,SEV,82.3,0.87,1.01,90.2,1.7,1.01,90.2,1.27
TRAEf,2.01,SEV,65.2,0.6,2.01,82.4,2,2.01,82.4,1.41
TRAEf,3.04,SEV,57.2,0.24,3.04,75.8,2.14,3.04,75.8,1.51
TRAEf,4.02,SEV,50.9,0.5,4.02,70.7,2.2,4.02,70.7,1.58
ACSAf,1.28,SGS,82.7,1.01,1.28,76.1,1.29,1.28,76.1,0.91
ACSAf,2.02,SGS,65.5,1.01,2.02,65,1.23,2.02,65,0.84
ACSAf,3.01,SGS,60,1.1,3.01,57.1,1.12,3.01,57.1,0.79
ACSAf,4,SGS,32.3,0.71,4,51.9,1.04,4,51.9,0.76
ACSAf,5.03,SGS,41.3,1.11,5.03,48,0.99,5.03,48,0.74
ACSAf,6,SGS,16.6,0.95,6,45.2,0.96,6,45.2,0.74
ACSAf,8.03,SGS,12.4,0.46,8.03,40.7,0.94,8.03,40.7,0.73
ACSAf,9.01,SGS,18.3,0.55,9.01,38.8,0.93,9.01,38.8,0.73
DRGLf,1.28,SGS,81.9,1.06,1.28,67.8,0.8,1.28,67.8,0.61
DRGLf,2.02,SGS,71.6,0.99,2.02,53.7,0.65,2.02,53.7,0.46
DRGLf,3.01,SGS,54.9,0.77,3.01,44.4,0.52,3.01,44.4,0.37
DRGLf,4,SGS,27.2,0.64,4,38.9,0.44,4,38.9,0.32
DRGLf,5.03,SGS,41,0.75,5.03,35.5,0.39,5.03,35.5,0.29
DRGLf,6,SGS,11.6,0.29,6,33.3,0.36,6,33.3,0.28
DRGLf,6.36,SGS,9.55,0.25,6.36,33,0.36,6.36,33,0.27
DRGLf,8.03,SGS,8.93,0.2,8.03,30.2,0.33,8.03,30.2,0.26
DRGLf,9.01,SGS,1.28,0.03,9.01,29.1,0.32,9.01,29.1,0.26
PIREf,1.28,SGS,94.7,0.84,1.28,84.9,1.45,1.28,84.9,1.06
PIREf,2.02,SGS,84.8,0.87,2.02,76.7,1.51,2.02,76.7,1.08
PIREf,3.01,SGS,75.6,0.8,3.01,69.9,1.52,3.01,69.9,1.1
PIREf,4,SGS,44.3,0.65,4,64.5,1.52,4,64.5,1.12
PIREf,5.03,SGS,64.7,1.07,5.03,60,1.53,5.03,60,1.15
PIREf,6,SGS,21,0.51,6,56.3,1.54,6,56.3,1.18
PIREf,6.36,SGS,20.7,0.37,6.36,55.8,1.55,6.36,55.8,1.18
PIREf,8.03,SGS,15.3,0.38,8.03,49.8,1.57,8.03,49.8,1.22
PIREf,9.01,SGS,23.8,0.79,9.01,47.1,1.58,9.01,47.1,1.23
PIREf,10,SGS,15.3,0.36,10,44.5,1.58,10,44.5,1.23
QUPRf,1.28,SGS,77.2,0.84,1.28,79.3,1.05,1.28,79.3,0.78
QUPRf,2.02,SGS,64.5,0.81,2.02,69.6,0.95,2.02,69.6,0.68
QUPRf,3.01,SGS,74.6,0.86,3.01,62.7,0.86,3.01,62.7,0.62
QUPRf,4,SGS,41.4,0.88,4,58.2,0.8,4,58.2,0.6
QUPRf,5.03,SGS,49.4,0.76,5.03,54.9,0.76,5.03,54.9,0.59
QUPRf,6,SGS,24.6,0.45,6,52.4,0.75,6,52.4,0.59
QUPRf,6.36,SGS,32.3,0.53,6.36,52.1,0.75,6.36,52.1,0.59
QUPRf,8.03,SGS,13.2,0.38,8.03,48.3,0.75,8.03,48.3,0.59
QUPRf,9.01,SGS,8.86,0.19,9.01,46.6,0.75,9.01,46.6,0.6
THPLf,1.28,SGS,95.6,0.99,1.28,88.4,1.2,1.28,88.4,0.93
THPLf,2.02,SGS,85.2,0.97,2.02,81.8,1.23,2.02,81.8,0.92
THPLf,3.01,SGS,81.6,0.85,3.01,76.2,1.25,3.01,76.2,0.94
THPLf,4,SGS,57.5,0.77,4,71.7,1.27,4,71.7,0.97
THPLf,5.03,SGS,69.1,0.91,5.03,67.7,1.31,5.03,67.7,1
THPLf,6,SGS,41.6,0.57,6,64.4,1.34,6,64.4,1.04
THPLf,6.36,SGS,51.3,0.82,6.36,63.9,1.34,6.36,63.9,1.04
THPLf,8.03,SGS,22.3,0.52,8.03,58.2,1.4,8.03,58.2,1.09
THPLf,9.01,SGS,41.1,1.02,9.01,55.6,1.42,9.01,55.6,1.11
TRAEf,1.28,SGS,88.6,1.1,1.28,86.5,1.87,1.28,86.5,1.34
TRAEf,2.02,SGS,82.6,1.14,2.02,78.5,2.09,2.02,78.5,1.47
TRAEf,3.01,SGS,68.5,1.06,3.01,71.3,2.19,3.01,71.3,1.57
TRAEf,4,SGS,35,0.96,4,65.4,2.25,4,65.4,1.64
TRAEf,5.03,SGS,35.3,1.37,5.03,60.2,2.29,5.03,60.2,1.7
TRAEf,6,SGS,11.1,0.62,6,55.9,2.31,6,55.9,1.74
TRAEf,6.36,SGS,5,0.43,6.36,55.3,2.32,6.36,55.3,1.74